"email";"password"
"4221a77d-1426-427b-9511-235d2c53b85834@gmail.com";"$2a$10$vKDf6VFNNbx0A5G2XNlEu.UwtikSX9d9CH7eW5vXrXmzCpa0x7v.6"
"4221a77d-1426-427b-9511-235d2c53b85828@gmail.com";"$2a$10$cQKV5iSwq4LZekod.BRRPelB5lJPjzPiAUVIdKfs62AfJweLhmNJy"
"4221a77d-1426-427b-9511-235d2c53b85821@gmail.com";"$2a$10$V67O10h4zmDYnPhvozZrx.Ty6to3rLfnkqhF1CpgeZ9SNH42kbZGa"
"4221a77d-1426-427b-9511-235d2c53b858100@gmail.com";"$2a$10$e9ZhutgQbcRdAfRcQoXWRuKdHygtKfJqwJYRlVX3BG.ZWHSz0aVve"
"4221a77d-1426-427b-9511-235d2c53b85823@gmail.com";"$2a$10$1T7L2Op4ahIL9P1MLDW3FevIPeWcIztQD1WvPstFKYUsDOXsOaGJ2"
"4221a77d-1426-427b-9511-235d2c53b85833@gmail.com";"$2a$10$5/VR8XHwgo5ACfqkL7JqB.9VrNz5PM07xPapWchgtwaHa/pgQ8Hz2"
"4221a77d-1426-427b-9511-235d2c53b85830@gmail.com";"$2a$10$ByecJMO.LRhXKmq9CSsYfumMaDl/o.ybiDj/ftOYFLg.eoTy95Abq"
"4221a77d-1426-427b-9511-235d2c53b85832@gmail.com";"$2a$10$qFWB9LcvFnqUu2iByAKwV.skwWv4Y32XIZ.Vt2/q64C4q0iOJI2Ai"
"4221a77d-1426-427b-9511-235d2c53b85887@gmail.com";"$2a$10$jnswYnDkFIVSLY///Fqu4.y/8NW3GWnWO4y/Kwk2BuWJhdnR5rRum"
"4221a77d-1426-427b-9511-235d2c53b85819@gmail.com";"$2a$10$tH6L9zLiVEWmZzMlbSnpiulygIkRPDPZP3yHdxh7ooSMogiUJux62"
"4221a77d-1426-427b-9511-235d2c53b8586@gmail.com";"$2a$10$Haz4s9UPZ5EQouuewfHZDOSxGdXgrSnRZiAJZCgn9NeWjNtDaX4Bi"
"4221a77d-1426-427b-9511-235d2c53b85839@gmail.com";"$2a$10$6KuOCbsjYcUkYuPdPaD3a.vNqYR5N7zc4aUhnQWmxiS2TkHJdLGs."
"4221a77d-1426-427b-9511-235d2c53b85825@gmail.com";"$2a$10$dt7kxX0SIrXWjJb7g2shY.bfV624vLmx2FWHPL8/hFp93CRqvofsG"
"4221a77d-1426-427b-9511-235d2c53b85836@gmail.com";"$2a$10$gGQj1S30mW9EK7SBw1f1uOSPyMMGi5UKh931aBxQuTctvWi7o1A9a"
"4221a77d-1426-427b-9511-235d2c53b85835@gmail.com";"$2a$10$qI/0wMR67ldTJ8qHlI8l.udloLTrISDcrUfiXvBlJuWILBSSj587m"
"4221a77d-1426-427b-9511-235d2c53b8581@gmail.com";"$2a$10$k0L64/32IPHwQFsU7PGtMO1FZQyl7pk8aJ.g1xtdSI5UzF9YO4YRO"
"4221a77d-1426-427b-9511-235d2c53b8589@gmail.com";"$2a$10$0uQj55fHSakoQDU27wLxkuP8RN8bTpr9P/smthbkX11L.n.0PPNHW"
"4221a77d-1426-427b-9511-235d2c53b8587@gmail.com";"$2a$10$uTqdoyHBvyTQXhKujqef5etpl/spoYYBAr0Qq8tqMgR4qsDOuzweG"
"4221a77d-1426-427b-9511-235d2c53b85817@gmail.com";"$2a$10$44qveQsm/8T1v/x80WZtge.ee9TwQVMbApc4Y70HpJDk1ewUc1Kxa"
"4221a77d-1426-427b-9511-235d2c53b85889@gmail.com";"$2a$10$0XncdzfgGNlBg97xlYuKHOC.rCDtNJhF9c8kuQEYhAXVDxk/6whHO"
"4221a77d-1426-427b-9511-235d2c53b85812@gmail.com";"$2a$10$efK8ChrcAGdJskzZxqZSjut50PA2l3OcECfgzci6mre0YCwF/Snum"
"4221a77d-1426-427b-9511-235d2c53b85814@gmail.com";"$2a$10$XpPQJy4taeodBz1MsuwxquWJzcYfANLOTzzV/5tyvG0D4hZ5wBPPu"
"4221a77d-1426-427b-9511-235d2c53b8588@gmail.com";"$2a$10$xSpZbSF.SHtgi0GSpYG2DOdMuSvwESkffq8P7BJ6tQd7lUMl9qMFa"
"4221a77d-1426-427b-9511-235d2c53b85822@gmail.com";"$2a$10$M2uw3tsEv0ZXcp/eo9dZp.uGDVDNbOHnt/KllwaOG7CVJqQ/4jCRS"
"4221a77d-1426-427b-9511-235d2c53b85813@gmail.com";"$2a$10$kDvP0WPyK0QElhKEIMtIFOlSio25DOpqwqbkskihjtlhxmEB5xPg."
"4221a77d-1426-427b-9511-235d2c53b8582@gmail.com";"$2a$10$Rohm1SnKb/4JQ0ZSHDms6ON7lrDW9d9OIwy9s8NmoSdjnMWVjs7UO"
"4221a77d-1426-427b-9511-235d2c53b85818@gmail.com";"$2a$10$Z7GAXmWK9dJcVzL.TgJrfuKKt6erurluFrk1fbcd9GffA01aoatqm"
"4221a77d-1426-427b-9511-235d2c53b85815@gmail.com";"$2a$10$Q7SfSAuhsqTrsYh3Fi5IpenMsk1Z2ZSavolullhSbSbJgB8Zb8.ua"
"4221a77d-1426-427b-9511-235d2c53b8584@gmail.com";"$2a$10$Dayo0I80l3dZfKIpbWu1xubUjmL23m49RN800q6zIZcDZ3mU5taWW"
"4221a77d-1426-427b-9511-235d2c53b85827@gmail.com";"$2a$10$/gSD28pNj7EqgnTx7BKhuOfzQAJwem4yU7EYVH/FRQRiPE2CgT3g."
"4221a77d-1426-427b-9511-235d2c53b85848@gmail.com";"$2a$10$5EhhB7r2v.4LeXUWDSzuR.Qn4CWR9vwEMnR.1A.n6CWTL2efqDM.W"
"4221a77d-1426-427b-9511-235d2c53b85816@gmail.com";"$2a$10$iMVA5XdUzr0KpzFQxaODoe5aTScXxED4qMFAy.9olZsYlOjQxpqEK"
"4221a77d-1426-427b-9511-235d2c53b85846@gmail.com";"$2a$10$KPksTbnmYKOG5K/jryw3wOPznCYgEuS9fZO.wpaH3rSGFYkY2cBAO"
"4221a77d-1426-427b-9511-235d2c53b85855@gmail.com";"$2a$10$q6zhEondfeTectiD9bXTaehBmblmaL1Mm99vfHiyMX.dQ4ji3bOgO"
"4221a77d-1426-427b-9511-235d2c53b85845@gmail.com";"$2a$10$cW0AOszdVfAkm8utjOTvgOfpvqt/R/BD2yI/8o9YmRkWJP0PSV9hq"
"4221a77d-1426-427b-9511-235d2c53b85852@gmail.com";"$2a$10$T7S9zHB5YrBbxlk2pSgCG.QeKtd3vTeinqs5HIMnXK1a4Phf/DuoO"
"4221a77d-1426-427b-9511-235d2c53b85849@gmail.com";"$2a$10$LSVGv.cyWPgR0/vruxN57.yzd/sXojSD8tXHb0QDcuCkvU7xXJ5Ca"
"4221a77d-1426-427b-9511-235d2c53b85858@gmail.com";"$2a$10$Ih7/vUoEB4IP1/.yqRfWuO93M/GE7wXbIMapybZP45d8Y4fZdlUMy"
"4221a77d-1426-427b-9511-235d2c53b85854@gmail.com";"$2a$10$OpOlZFX65AEXhe2EVeQMQO44o.BBMcS5Zt/JNgd0CZYmu0Fdbo7NW"
"4221a77d-1426-427b-9511-235d2c53b85856@gmail.com";"$2a$10$t/dhB1Ovmb4p.dVvLBzzf.DtvopPHTIUT8hisHB5MaTrv5NzD.fxK"
"4221a77d-1426-427b-9511-235d2c53b85859@gmail.com";"$2a$10$mFVRbo2P7x2/WehfA.rakO2lhF/V1yzEyBTn/erSLkPbg4DMJKo3G"
"4221a77d-1426-427b-9511-235d2c53b85857@gmail.com";"$2a$10$jc33yFL7YAGYAXfgHP6Y2.nGPyCtfRDr.71L9TxOFrWREMO/XS7ZW"
"4221a77d-1426-427b-9511-235d2c53b85862@gmail.com";"$2a$10$/EFBBF70uVGAs3yYEXUE4.PPs.powQcocmd9lbokoLaLk7kOKt8i2"
"4221a77d-1426-427b-9511-235d2c53b85860@gmail.com";"$2a$10$DWfqOiqaEOlDbb09SW87heUF5R6kLXCptMRrLOOMYDsWsPHsq1UlG"
"4221a77d-1426-427b-9511-235d2c53b85861@gmail.com";"$2a$10$5sgtJFEtJLyxKFo7W83.p.M8Ph3fqo.ejzIt6ozLYqw/iCciEjZtm"
"4221a77d-1426-427b-9511-235d2c53b85864@gmail.com";"$2a$10$XXZuPR7Iz0VnQxROifUHZeKtNpOXtQS66ZkYWCs0H4YGzZlkZevcG"
"4221a77d-1426-427b-9511-235d2c53b85865@gmail.com";"$2a$10$xwSdmA7JjeS7JuchJcOlXOXD187KuPDvFiBTGDVgjK5hoBS890qMO"
"4221a77d-1426-427b-9511-235d2c53b85868@gmail.com";"$2a$10$MQc8w2HDrzvkB3ySa9r3WevA7mZnj5muU6Lz9gzrtCmXIPCvOHe9K"
"4221a77d-1426-427b-9511-235d2c53b85872@gmail.com";"$2a$10$WMXNzU.TAFlTvi416s.9XeCH5XFAti8Us4XthNnPd1HGMHs2csZ4u"
"4221a77d-1426-427b-9511-235d2c53b85871@gmail.com";"$2a$10$ykaeiRdrDEZ6NfSwmu7xm.xrVs3s9yRXorpPDxYhdo6vbc2cZ5LZS"
"4221a77d-1426-427b-9511-235d2c53b85867@gmail.com";"$2a$10$Qq58eFGCXBHC71jIJp.4U.lHqFcHPQkoBh9K6ZyqLvbnEZVjPbrca"
"4221a77d-1426-427b-9511-235d2c53b85897@gmail.com";"$2a$10$HNrwO8kgmOnKoL3gZ7ich.YQ9wIjNm1k3MkR8JgDznzm2OMhZn.hi"
"4221a77d-1426-427b-9511-235d2c53b85879@gmail.com";"$2a$10$mJmhQJuYjFz3DVVM9rMjqe7OgMwJwRe7KEQaLBlGGmmyiaaTp7bCq"
"4221a77d-1426-427b-9511-235d2c53b85891@gmail.com";"$2a$10$pElWJvPysZzEsSeiF0pfduh0nWvUN2csIH3rItcksrxYvEr3KJQe."
"4221a77d-1426-427b-9511-235d2c53b85898@gmail.com";"$2a$10$OUMU81.cM80BAKAqGkXnT.9ETvK6KlJwxE/66.Rn/V7u3vmx6neHK"
"4221a77d-1426-427b-9511-235d2c53b85893@gmail.com";"$2a$10$j/syZoBRtsMg5cuMogIXGeTNkaDeyVDP5teRJf4uyz7CVhRayaCE."
"4221a77d-1426-427b-9511-235d2c53b85824@gmail.com";"$2a$10$nX8vAMjl8tOtPd9ZvR7kSe.SmyIOrAieE.F.t4GifR4WLW6pqvx0i"
"4221a77d-1426-427b-9511-235d2c53b85896@gmail.com";"$2a$10$sck1ca/ISXl1XONIKLqsPuDg7MO9wLhaqITXHhKIyQ6e0Zoxl5nVC"
"4221a77d-1426-427b-9511-235d2c53b85877@gmail.com";"$2a$10$ZTlt6TmU1.1Pk4vX.d25neu4gc2qysA2iHPLU0p0PYGpf470xLcBm"
"4221a77d-1426-427b-9511-235d2c53b85888@gmail.com";"$2a$10$dFYC8L7mygOKKBzPyjcpMeWH6kfXYuHK7F5ggwx7K3JaNJpozDn0K"
"4221a77d-1426-427b-9511-235d2c53b8585@gmail.com";"$2a$10$f4s28ZZMUBWAqYujKPSjVe8JCXTpJK9Db2G2V5QgQbExhAkEe3RQ2"
"4221a77d-1426-427b-9511-235d2c53b85811@gmail.com";"$2a$10$xWr0s56f4tKqLmRSBnM8A.G5NT6eRwzH/7zJSiQCL1BRW8vhWzR.e"
"4221a77d-1426-427b-9511-235d2c53b85838@gmail.com";"$2a$10$fXerkZlDEREfUMdKxu8/K.Yv4zDmZybfXqy7wugNR3QJM3XRkrAA6"
"4221a77d-1426-427b-9511-235d2c53b85837@gmail.com";"$2a$10$kjyUp7mifGt/9jLWm1h8Z.OhUG8bDmVNHD8ahRhWvPeJyENyDtT7e"
"4221a77d-1426-427b-9511-235d2c53b85810@gmail.com";"$2a$10$Hz50sD7BqLoP7KeITqLwfeUGt0.5c4NqrYwghHugap6oPaJmnWQa2"
"4221a77d-1426-427b-9511-235d2c53b8583@gmail.com";"$2a$10$T1avtg/iEdlt/lfotFHyye5nl.uQR320Yt4ascHvzdbLlF5x4n6R."
"4221a77d-1426-427b-9511-235d2c53b85851@gmail.com";"$2a$10$.NdKKDnI8IUhBffHorhezeMSO8Xd6Fx68TgkEjjYyiadKMzx3Qbwa"
"4221a77d-1426-427b-9511-235d2c53b85820@gmail.com";"$2a$10$r9a6F9lQ32mr5fHMnDd45u.WdazxLKfhaVVIKkgHgLjhv6Znrc6ei"
"4221a77d-1426-427b-9511-235d2c53b85829@gmail.com";"$2a$10$vmqEDOc2lhlhGTlVptjmze1O4Sr7uCiXKTs4w.EbgS5hDTdBPSfea"
"4221a77d-1426-427b-9511-235d2c53b85870@gmail.com";"$2a$10$phn1Kdd4kO/kcaTw1nSvhOpb8pigQJLkPmVnnf1UFbIMrMEED0/8e"
"4221a77d-1426-427b-9511-235d2c53b85894@gmail.com";"$2a$10$sHB5IbrwhStmOd3lV3Tjnuh45Mtagxqt4D94i5wqnPTo5OkS/.wcO"
"4221a77d-1426-427b-9511-235d2c53b85863@gmail.com";"$2a$10$msWX0Au92QSko/FcrNfg5OV8CzI8AesZbGNXt1NmtD7FAz27I7Lnq"
"4221a77d-1426-427b-9511-235d2c53b85880@gmail.com";"$2a$10$mB/J6sWTL9GKveANi/lwBORwyaovDae1Qt9lXMOerKW.Tg0PQjWqK"
"4221a77d-1426-427b-9511-235d2c53b85881@gmail.com";"$2a$10$gVJckT1PK6sMiq5UeCQOmunkJZTDeB7AwGXta7uAI8tMACZxIHOkS"
"4221a77d-1426-427b-9511-235d2c53b85895@gmail.com";"$2a$10$QTwEq6cdqOe7aose.T27U.mdLeWFlf/ueBbBte6UHKJsHDBKsDMqm"
"4221a77d-1426-427b-9511-235d2c53b85873@gmail.com";"$2a$10$2D7u2nX04i2K.FqV156S8O6A61wCTagzMGUR6P7IdrXb21ZBq4cky"
"4221a77d-1426-427b-9511-235d2c53b85869@gmail.com";"$2a$10$74bfjW4cgFeXuZFyIrF2xuOceG/L.EylRwztafYdnl3B18YLbLX9K"
"4221a77d-1426-427b-9511-235d2c53b85853@gmail.com";"$2a$10$uoY/UDa60CTT1xeuY2eZJO3vT9DivMVAXq8Nsi.cexsfDxh3vHNly"
"4221a77d-1426-427b-9511-235d2c53b85840@gmail.com";"$2a$10$f54w.zRfbHUk.MSszDbRAOKe6Y7Ok0o75919dUXiY6PnXPzbx7o7y"
"4221a77d-1426-427b-9511-235d2c53b85842@gmail.com";"$2a$10$4lrROYmaO967gOYXPvi/EeJbkQA5bi14LQjSrlpu.p9uyYmJqgMD2"
"4221a77d-1426-427b-9511-235d2c53b85847@gmail.com";"$2a$10$LNM5HMmTHoHuuKr0.l4iUeF.vlRYuNV8nlTDo5N3tW2BWxTpdcLtO"
"4221a77d-1426-427b-9511-235d2c53b85841@gmail.com";"$2a$10$.RkU899mFgjftjTp9s.hquUB9rDgRiE8Ahj0JQYlWJrwgda/iKaCS"
"4221a77d-1426-427b-9511-235d2c53b85850@gmail.com";"$2a$10$X.yKtDouxmobuIPYGBljvO3QOENlFdn3ERDcHwqMxBTGN9cSU6KR2"
"4221a77d-1426-427b-9511-235d2c53b85874@gmail.com";"$2a$10$.mePOMMShFv4lKXktlr.IeBHCXM2siYMyaQM20GRkO3Nz.D64e4iO"
"4221a77d-1426-427b-9511-235d2c53b85844@gmail.com";"$2a$10$kSd5LxVkTla21hqKKo5C7e8mfFJKG7T3zA/Z5qZhH6rrgtvDGOcEm"
"4221a77d-1426-427b-9511-235d2c53b85882@gmail.com";"$2a$10$II4CB6JjuXAQNyghaOzOSemV66fyJQ/4MUGZrwyN.w51Nw12cIi0O"
"4221a77d-1426-427b-9511-235d2c53b85878@gmail.com";"$2a$10$IDwMyrL7RCdLwRQzqT76EeBMXfA.sAoBeRoxONE5tZ3k.57cgj5gG"
"4221a77d-1426-427b-9511-235d2c53b85843@gmail.com";"$2a$10$XW/cyb/UqD1uL/hwTC4.TOfbDONC6wndKGOhJ6fKt5A0MSRLRriOW"
"4221a77d-1426-427b-9511-235d2c53b85826@gmail.com";"$2a$10$NSbBktqxmRnWSnc1TmHTuu.Zok50hguK/NCCOzDCNrjleiDI0mORC"
"4221a77d-1426-427b-9511-235d2c53b85875@gmail.com";"$2a$10$VQCqc/HuUBpvvqwyMG6ar.2igWF3e./zLLW9HVrQy/CnvPxAVotFu"
"4221a77d-1426-427b-9511-235d2c53b85885@gmail.com";"$2a$10$1nEnh3YjTPXBjqe7mNLXkemWb39KNuZ3Y06rAJQmJBT10Wxt9ENeC"
"4221a77d-1426-427b-9511-235d2c53b85876@gmail.com";"$2a$10$iGzbCeaae685PjnFWT43Def.ngI0ZvaHBM4jK0ehii/Ehee314GsS"
"4221a77d-1426-427b-9511-235d2c53b85890@gmail.com";"$2a$10$/1UB/rRWz52e5fawJ81WAejlGeoiU6r5kIq2xRY5EI7UoDBJ3rFUi"
"4221a77d-1426-427b-9511-235d2c53b85886@gmail.com";"$2a$10$TGgRXjZ/GyI7UgNtV8C/Eu58SPj9peAaLWs.3y9AUvSxnuFcAErUe"
"4221a77d-1426-427b-9511-235d2c53b85884@gmail.com";"$2a$10$aRWD0jXagFERX2r.waG64ebl9NBoVNPB4Dp1a1qcIovFUhexGnOaa"
"4221a77d-1426-427b-9511-235d2c53b85866@gmail.com";"$2a$10$8qn4jdLXX1kyEqF2HDxeFOvbg9H6iZCssgFrazn8oHzF8iqVDAbPy"
"4221a77d-1426-427b-9511-235d2c53b85899@gmail.com";"$2a$10$ry.r4BoBh3RyCElzEb3nQeESdZK9KHixielHIyb7YuoSAkWXbFjMu"
"4221a77d-1426-427b-9511-235d2c53b85883@gmail.com";"$2a$10$4yXF6w6yVgvcUigZL/CfY.g2nF/CRDprXZmCmwihGbqrCIRq5pYPu"
"4221a77d-1426-427b-9511-235d2c53b85892@gmail.com";"$2a$10$jlhrTjjH/m33EEaVCggieebLtdsKNerEZrwcjiqD5PqcP2KEvfZtW"
"4221a77d-1426-427b-9511-235d2c53b85831@gmail.com";"$2a$10$7B82d9AbPSRJ0NNBM0FXeumHWj18iBdGh2TDzC/aQr/20gWl1HMw."
